Lien catégorie,Catégorie
../../books_1/index.html,"
                            
                                Books
                            
                        "
index.html,
../mystery_3/index.html,"
                            
                                Mystery
                            
                        "
../historical-fiction_4/index.html,"
                            
                                Historical Fiction
                            
                        "
../sequential-art_5/index.html,"
                            
                                Sequential Art
                            
                        "
../classics_6/index.html,"
                            
                                Classics
                            
                        "
../philosophy_7/index.html,"
                            
                                Philosophy
                            
                        "
../romance_8/index.html,"
                            
                                Romance
                            
                        "
../womens-fiction_9/index.html,"
                            
                                Womens Fiction
                            
                        "
../fiction_10/index.html,"
                            
                                Fiction
                            
                        "
../childrens_11/index.html,"
                            
                                Childrens
                            
                        "
../religion_12/index.html,"
                            
                                Religion
                            
                        "
../nonfiction_13/index.html,"
                            
                                Nonfiction
                            
                        "
../music_14/index.html,"
                            
                                Music
                            
                        "
../default_15/index.html,"
                            
                                Default
                            
                        "
../science-fiction_16/index.html,"
                            
                                Science Fiction
                            
                        "
../sports-and-games_17/index.html,"
                            
                                Sports and Games
                            
                        "
../add-a-comment_18/index.html,"
                            
                                Add a comment
                            
                        "
../fantasy_19/index.html,"
                            
                                Fantasy
                            
                        "
../new-adult_20/index.html,"
                            
                                New Adult
                            
                        "
../young-adult_21/index.html,"
                            
                                Young Adult
                            
                        "
../science_22/index.html,"
                            
                                Science
                            
                        "
../poetry_23/index.html,"
                            
                                Poetry
                            
                        "
../paranormal_24/index.html,"
                            
                                Paranormal
                            
                        "
../art_25/index.html,"
                            
                                Art
                            
                        "
../psychology_26/index.html,"
                            
                                Psychology
                            
                        "
../autobiography_27/index.html,"
                            
                                Autobiography
                            
                        "
../parenting_28/index.html,"
                            
                                Parenting
                            
                        "
../adult-fiction_29/index.html,"
                            
                                Adult Fiction
                            
                        "
../humor_30/index.html,"
                            
                                Humor
                            
                        "
../horror_31/index.html,"
                            
                                Horror
                            
                        "
../history_32/index.html,"
                            
                                History
                            
                        "
../food-and-drink_33/index.html,"
                            
                                Food and Drink
                            
                        "
../christian-fiction_34/index.html,"
                            
                                Christian Fiction
                            
                        "
../business_35/index.html,"
                            
                                Business
                            
                        "
../biography_36/index.html,"
                            
                                Biography
                            
                        "
../thriller_37/index.html,"
                            
                                Thriller
                            
                        "
../contemporary_38/index.html,"
                            
                                Contemporary
                            
                        "
../spirituality_39/index.html,"
                            
                                Spirituality
                            
                        "
../academic_40/index.html,"
                            
                                Academic
                            
                        "
../self-help_41/index.html,"
                            
                                Self Help
                            
                        "
../historical_42/index.html,"
                            
                                Historical
                            
                        "
../christian_43/index.html,"
                            
                                Christian
                            
                        "
../suspense_44/index.html,"
                            
                                Suspense
                            
                        "
../short-stories_45/index.html,"
                            
                                Short Stories
                            
                        "
../novels_46/index.html,"
                            
                                Novels
                            
                        "
../health_47/index.html,"
                            
                                Health
                            
                        "
../politics_48/index.html,"
                            
                                Politics
                            
                        "
../cultural_49/index.html,"
                            
                                Cultural
                            
                        "
../erotica_50/index.html,"
                            
                                Erotica
                            
                        "
../crime_51/index.html,"
                            
                                Crime
                            
                        "
